"species","island","bill_length_mm","bill_depth_mm","flipper_length_mm","body_mass_g","sex","year","bill_length_mm_was_missing","bill_depth_mm_was_missing","flipper_length_mm_was_missing","body_mass_g_was_missing","bill_length_mm_minmax","bill_depth_mm_minmax","flipper_length_mm_minmax","body_mass_g_minmax"
"Adelie","Torgersen",39.1,18.7,181,3750,"male",2007,FALSE,FALSE,FALSE,FALSE,0.254545454545455,0.666666666666667,0.152542372881356,0.291666666666667
"Adelie","Torgersen",39.5,17.4,186,3800,"female",2007,FALSE,FALSE,FALSE,FALSE,0.269090909090909,0.511904761904762,0.23728813559322,0.305555555555556
"Adelie","Torgersen",40.3,18,195,3250,"female",2007,FALSE,FALSE,FALSE,FALSE,0.298181818181818,0.583333333333333,0.389830508474576,0.152777777777778
"Adelie","Torgersen",44.45,17.3,197,4050,"Unknown",2007,TRUE,TRUE,TRUE,TRUE,0.449090909090909,0.5,0.423728813559322,0.375
"Adelie","Torgersen",36.7,19.3,193,3450,"female",2007,FALSE,FALSE,FALSE,FALSE,0.167272727272727,0.738095238095238,0.355932203389831,0.208333333333333
"Adelie","Torgersen",39.3,20.6,190,3650,"male",2007,FALSE,FALSE,FALSE,FALSE,0.261818181818182,0.892857142857143,0.305084745762712,0.263888888888889
"Adelie","Torgersen",38.9,17.8,181,3625,"female",2007,FALSE,FALSE,FALSE,FALSE,0.247272727272727,0.55952380952381,0.152542372881356,0.256944444444444
"Adelie","Torgersen",39.2,19.6,195,4675,"male",2007,FALSE,FALSE,FALSE,FALSE,0.258181818181818,0.773809523809524,0.389830508474576,0.548611111111111
"Adelie","Torgersen",34.1,18.1,193,3475,"Unknown",2007,FALSE,FALSE,FALSE,FALSE,0.0727272727272727,0.595238095238095,0.355932203389831,0.215277777777778
"Adelie","Torgersen",42,20.2,190,4250,"Unknown",2007,FALSE,FALSE,FALSE,FALSE,0.36,0.845238095238095,0.305084745762712,0.430555555555556
"Adelie","Torgersen",37.8,17.1,186,3300,"Unknown",2007,FALSE,FALSE,FALSE,FALSE,0.207272727272727,0.476190476190476,0.23728813559322,0.166666666666667
"Adelie","Torgersen",37.8,17.3,180,3700,"Unknown",2007,FALSE,FALSE,FALSE,FALSE,0.207272727272727,0.5,0.135593220338983,0.277777777777778
"Adelie","Torgersen",41.1,17.6,182,3200,"female",2007,FALSE,FALSE,FALSE,FALSE,0.327272727272727,0.535714285714286,0.169491525423729,0.138888888888889
"Adelie","Torgersen",38.6,21.2,191,3800,"male",2007,FALSE,FALSE,FALSE,FALSE,0.236363636363636,0.964285714285714,0.322033898305085,0.305555555555556
"Adelie","Torgersen",34.6,21.1,198,4400,"male",2007,FALSE,FALSE,FALSE,FALSE,0.0909090909090909,0.952380952380953,0.440677966101695,0.472222222222222
"Adelie","Torgersen",36.6,17.8,185,3700,"female",2007,FALSE,FALSE,FALSE,FALSE,0.163636363636364,0.55952380952381,0.220338983050847,0.277777777777778
"Adelie","Torgersen",38.7,19,195,3450,"female",2007,FALSE,FALSE,FALSE,FALSE,0.24,0.702380952380952,0.389830508474576,0.208333333333333
"Adelie","Torgersen",42.5,20.7,197,4500,"male",2007,FALSE,FALSE,FALSE,FALSE,0.378181818181818,0.904761904761905,0.423728813559322,0.5
"Adelie","Torgersen",34.4,18.4,184,3325,"female",2007,FALSE,FALSE,FALSE,FALSE,0.0836363636363635,0.630952380952381,0.203389830508475,0.173611111111111
"Adelie","Torgersen",46,21.5,194,4200,"male",2007,FALSE,FALSE,FALSE,FALSE,0.505454545454545,1,0.372881355932203,0.416666666666667
"Adelie","Biscoe",37.8,18.3,174,3400,"female",2007,FALSE,FALSE,FALSE,FALSE,0.207272727272727,0.619047619047619,0.0338983050847458,0.194444444444444
"Adelie","Biscoe",37.7,18.7,180,3600,"male",2007,FALSE,FALSE,FALSE,FALSE,0.203636363636364,0.666666666666667,0.135593220338983,0.25
"Adelie","Biscoe",35.9,19.2,189,3800,"female",2007,FALSE,FALSE,FALSE,FALSE,0.138181818181818,0.726190476190476,0.288135593220339,0.305555555555556
"Adelie","Biscoe",38.2,18.1,185,3950,"male",2007,FALSE,FALSE,FALSE,FALSE,0.221818181818182,0.595238095238095,0.220338983050847,0.347222222222222
"Adelie","Biscoe",38.8,17.2,180,3800,"male",2007,FALSE,FALSE,FALSE,FALSE,0.243636363636363,0.488095238095238,0.135593220338983,0.305555555555556
"Adelie","Biscoe",35.3,18.9,187,3800,"female",2007,FALSE,FALSE,FALSE,FALSE,0.116363636363636,0.69047619047619,0.254237288135593,0.305555555555556
"Adelie","Biscoe",40.6,18.6,183,3550,"male",2007,FALSE,FALSE,FALSE,FALSE,0.309090909090909,0.654761904761905,0.186440677966102,0.236111111111111
"Adelie","Biscoe",40.5,17.9,187,3200,"female",2007,FALSE,FALSE,FALSE,FALSE,0.305454545454545,0.571428571428571,0.254237288135593,0.138888888888889
"Adelie","Biscoe",37.9,18.6,172,3150,"female",2007,FALSE,FALSE,FALSE,FALSE,0.210909090909091,0.654761904761905,0,0.125
"Adelie","Biscoe",40.5,18.9,180,3950,"male",2007,FALSE,FALSE,FALSE,FALSE,0.305454545454545,0.69047619047619,0.135593220338983,0.347222222222222
"Adelie","Dream",39.5,16.7,178,3250,"female",2007,FALSE,FALSE,FALSE,FALSE,0.269090909090909,0.428571428571428,0.101694915254237,0.152777777777778
"Adelie","Dream",37.2,18.1,178,3900,"male",2007,FALSE,FALSE,FALSE,FALSE,0.185454545454546,0.595238095238095,0.101694915254237,0.333333333333333
"Adelie","Dream",39.5,17.8,188,3300,"female",2007,FALSE,FALSE,FALSE,FALSE,0.269090909090909,0.55952380952381,0.271186440677966,0.166666666666667
"Adelie","Dream",40.9,18.9,184,3900,"male",2007,FALSE,FALSE,FALSE,FALSE,0.32,0.69047619047619,0.203389830508475,0.333333333333333
"Adelie","Dream",36.4,17,195,3325,"female",2007,FALSE,FALSE,FALSE,FALSE,0.156363636363636,0.464285714285714,0.389830508474576,0.173611111111111
"Adelie","Dream",39.2,21.1,196,4150,"male",2007,FALSE,FALSE,FALSE,FALSE,0.258181818181818,0.952380952380953,0.406779661016949,0.402777777777778
"Adelie","Dream",38.8,20,190,3950,"male",2007,FALSE,FALSE,FALSE,FALSE,0.243636363636363,0.821428571428571,0.305084745762712,0.347222222222222
"Adelie","Dream",42.2,18.5,180,3550,"female",2007,FALSE,FALSE,FALSE,FALSE,0.367272727272727,0.642857142857143,0.135593220338983,0.236111111111111
"Adelie","Dream",37.6,19.3,181,3300,"female",2007,FALSE,FALSE,FALSE,FALSE,0.2,0.738095238095238,0.152542372881356,0.166666666666667
"Adelie","Dream",39.8,19.1,184,4650,"male",2007,FALSE,FALSE,FALSE,FALSE,0.28,0.714285714285714,0.203389830508475,0.541666666666667
"Adelie","Dream",36.5,18,182,3150,"female",2007,FALSE,FALSE,FALSE,FALSE,0.16,0.583333333333333,0.169491525423729,0.125
"Adelie","Dream",40.8,18.4,195,3900,"male",2007,FALSE,FALSE,FALSE,FALSE,0.316363636363636,0.630952380952381,0.389830508474576,0.333333333333333
"Adelie","Dream",36,18.5,186,3100,"female",2007,FALSE,FALSE,FALSE,FALSE,0.141818181818182,0.642857142857143,0.23728813559322,0.111111111111111
"Adelie","Dream",44.1,19.7,196,4400,"male",2007,FALSE,FALSE,FALSE,FALSE,0.436363636363636,0.785714285714286,0.406779661016949,0.472222222222222
"Adelie","Dream",37,16.9,185,3000,"female",2007,FALSE,FALSE,FALSE,FALSE,0.178181818181818,0.452380952380952,0.220338983050847,0.0833333333333333
"Adelie","Dream",39.6,18.8,190,4600,"male",2007,FALSE,FALSE,FALSE,FALSE,0.272727272727273,0.678571428571429,0.305084745762712,0.527777777777778
"Adelie","Dream",41.1,19,182,3425,"male",2007,FALSE,FALSE,FALSE,FALSE,0.327272727272727,0.702380952380952,0.169491525423729,0.201388888888889
"Adelie","Dream",37.5,18.9,179,2975,"Unknown",2007,FALSE,FALSE,FALSE,FALSE,0.196363636363636,0.69047619047619,0.11864406779661,0.0763888888888889
"Adelie","Dream",36,17.9,190,3450,"female",2007,FALSE,FALSE,FALSE,FALSE,0.141818181818182,0.571428571428571,0.305084745762712,0.208333333333333
"Adelie","Dream",42.3,21.2,191,4150,"male",2007,FALSE,FALSE,FALSE,FALSE,0.370909090909091,0.964285714285714,0.322033898305085,0.402777777777778
"Adelie","Biscoe",39.6,17.7,186,3500,"female",2008,FALSE,FALSE,FALSE,FALSE,0.272727272727273,0.547619047619048,0.23728813559322,0.222222222222222
"Adelie","Biscoe",40.1,18.9,188,4300,"male",2008,FALSE,FALSE,FALSE,FALSE,0.290909090909091,0.69047619047619,0.271186440677966,0.444444444444444
"Adelie","Biscoe",35,17.9,190,3450,"female",2008,FALSE,FALSE,FALSE,FALSE,0.105454545454545,0.571428571428571,0.305084745762712,0.208333333333333
"Adelie","Biscoe",42,19.5,200,4050,"male",2008,FALSE,FALSE,FALSE,FALSE,0.36,0.761904761904762,0.474576271186441,0.375
"Adelie","Biscoe",34.5,18.1,187,2900,"female",2008,FALSE,FALSE,FALSE,FALSE,0.0872727272727272,0.595238095238095,0.254237288135593,0.0555555555555556
"Adelie","Biscoe",41.4,18.6,191,3700,"male",2008,FALSE,FALSE,FALSE,FALSE,0.338181818181818,0.654761904761905,0.322033898305085,0.277777777777778
"Adelie","Biscoe",39,17.5,186,3550,"female",2008,FALSE,FALSE,FALSE,FALSE,0.250909090909091,0.523809523809524,0.23728813559322,0.236111111111111
"Adelie","Biscoe",40.6,18.8,193,3800,"male",2008,FALSE,FALSE,FALSE,FALSE,0.309090909090909,0.678571428571429,0.355932203389831,0.305555555555556
"Adelie","Biscoe",36.5,16.6,181,2850,"female",2008,FALSE,FALSE,FALSE,FALSE,0.16,0.416666666666667,0.152542372881356,0.0416666666666667
"Adelie","Biscoe",37.6,19.1,194,3750,"male",2008,FALSE,FALSE,FALSE,FALSE,0.2,0.714285714285714,0.372881355932203,0.291666666666667
"Adelie","Biscoe",35.7,16.9,185,3150,"female",2008,FALSE,FALSE,FALSE,FALSE,0.130909090909091,0.452380952380952,0.220338983050847,0.125
"Adelie","Biscoe",41.3,21.1,195,4400,"male",2008,FALSE,FALSE,FALSE,FALSE,0.334545454545454,0.952380952380953,0.389830508474576,0.472222222222222
"Adelie","Biscoe",37.6,17,185,3600,"female",2008,FALSE,FALSE,FALSE,FALSE,0.2,0.464285714285714,0.220338983050847,0.25
"Adelie","Biscoe",41.1,18.2,192,4050,"male",2008,FALSE,FALSE,FALSE,FALSE,0.327272727272727,0.607142857142857,0.338983050847458,0.375
"Adelie","Biscoe",36.4,17.1,184,2850,"female",2008,FALSE,FALSE,FALSE,FALSE,0.156363636363636,0.476190476190476,0.203389830508475,0.0416666666666667
"Adelie","Biscoe",41.6,18,192,3950,"male",2008,FALSE,FALSE,FALSE,FALSE,0.345454545454545,0.583333333333333,0.338983050847458,0.347222222222222
"Adelie","Biscoe",35.5,16.2,195,3350,"female",2008,FALSE,FALSE,FALSE,FALSE,0.123636363636364,0.369047619047619,0.389830508474576,0.180555555555556
"Adelie","Biscoe",41.1,19.1,188,4100,"male",2008,FALSE,FALSE,FALSE,FALSE,0.327272727272727,0.714285714285714,0.271186440677966,0.388888888888889
"Adelie","Torgersen",35.9,16.6,190,3050,"female",2008,FALSE,FALSE,FALSE,FALSE,0.138181818181818,0.416666666666667,0.305084745762712,0.0972222222222222
"Adelie","Torgersen",41.8,19.4,198,4450,"male",2008,FALSE,FALSE,FALSE,FALSE,0.352727272727273,0.75,0.440677966101695,0.486111111111111
"Adelie","Torgersen",33.5,19,190,3600,"female",2008,FALSE,FALSE,FALSE,FALSE,0.0509090909090909,0.702380952380952,0.305084745762712,0.25
"Adelie","Torgersen",39.7,18.4,190,3900,"male",2008,FALSE,FALSE,FALSE,FALSE,0.276363636363636,0.630952380952381,0.305084745762712,0.333333333333333
"Adelie","Torgersen",39.6,17.2,196,3550,"female",2008,FALSE,FALSE,FALSE,FALSE,0.272727272727273,0.488095238095238,0.406779661016949,0.236111111111111
"Adelie","Torgersen",45.8,18.9,197,4150,"male",2008,FALSE,FALSE,FALSE,FALSE,0.498181818181818,0.69047619047619,0.423728813559322,0.402777777777778
"Adelie","Torgersen",35.5,17.5,190,3700,"female",2008,FALSE,FALSE,FALSE,FALSE,0.123636363636364,0.523809523809524,0.305084745762712,0.277777777777778
"Adelie","Torgersen",42.8,18.5,195,4250,"male",2008,FALSE,FALSE,FALSE,FALSE,0.389090909090909,0.642857142857143,0.389830508474576,0.430555555555556
"Adelie","Torgersen",40.9,16.8,191,3700,"female",2008,FALSE,FALSE,FALSE,FALSE,0.32,0.440476190476191,0.322033898305085,0.277777777777778
"Adelie","Torgersen",37.2,19.4,184,3900,"male",2008,FALSE,FALSE,FALSE,FALSE,0.185454545454546,0.75,0.203389830508475,0.333333333333333
"Adelie","Torgersen",36.2,16.1,187,3550,"female",2008,FALSE,FALSE,FALSE,FALSE,0.149090909090909,0.357142857142857,0.254237288135593,0.236111111111111
"Adelie","Torgersen",42.1,19.1,195,4000,"male",2008,FALSE,FALSE,FALSE,FALSE,0.363636363636364,0.714285714285714,0.389830508474576,0.361111111111111
"Adelie","Torgersen",34.6,17.2,189,3200,"female",2008,FALSE,FALSE,FALSE,FALSE,0.0909090909090909,0.488095238095238,0.288135593220339,0.138888888888889
"Adelie","Torgersen",42.9,17.6,196,4700,"male",2008,FALSE,FALSE,FALSE,FALSE,0.392727272727273,0.535714285714286,0.406779661016949,0.555555555555556
"Adelie","Torgersen",36.7,18.8,187,3800,"female",2008,FALSE,FALSE,FALSE,FALSE,0.167272727272727,0.678571428571429,0.254237288135593,0.305555555555556
"Adelie","Torgersen",35.1,19.4,193,4200,"male",2008,FALSE,FALSE,FALSE,FALSE,0.109090909090909,0.75,0.355932203389831,0.416666666666667
"Adelie","Dream",37.3,17.8,191,3350,"female",2008,FALSE,FALSE,FALSE,FALSE,0.189090909090909,0.55952380952381,0.322033898305085,0.180555555555556
"Adelie","Dream",41.3,20.3,194,3550,"male",2008,FALSE,FALSE,FALSE,FALSE,0.334545454545454,0.857142857142857,0.372881355932203,0.236111111111111
"Adelie","Dream",36.3,19.5,190,3800,"male",2008,FALSE,FALSE,FALSE,FALSE,0.152727272727273,0.761904761904762,0.305084745762712,0.305555555555556
"Adelie","Dream",36.9,18.6,189,3500,"female",2008,FALSE,FALSE,FALSE,FALSE,0.174545454545454,0.654761904761905,0.288135593220339,0.222222222222222
"Adelie","Dream",38.3,19.2,189,3950,"male",2008,FALSE,FALSE,FALSE,FALSE,0.225454545454545,0.726190476190476,0.288135593220339,0.347222222222222
"Adelie","Dream",38.9,18.8,190,3600,"female",2008,FALSE,FALSE,FALSE,FALSE,0.247272727272727,0.678571428571429,0.305084745762712,0.25
"Adelie","Dream",35.7,18,202,3550,"female",2008,FALSE,FALSE,FALSE,FALSE,0.130909090909091,0.583333333333333,0.508474576271186,0.236111111111111
"Adelie","Dream",41.1,18.1,205,4300,"male",2008,FALSE,FALSE,FALSE,FALSE,0.327272727272727,0.595238095238095,0.559322033898305,0.444444444444444
"Adelie","Dream",34,17.1,185,3400,"female",2008,FALSE,FALSE,FALSE,FALSE,0.069090909090909,0.476190476190476,0.220338983050847,0.194444444444444
"Adelie","Dream",39.6,18.1,186,4450,"male",2008,FALSE,FALSE,FALSE,FALSE,0.272727272727273,0.595238095238095,0.23728813559322,0.486111111111111
"Adelie","Dream",36.2,17.3,187,3300,"female",2008,FALSE,FALSE,FALSE,FALSE,0.149090909090909,0.5,0.254237288135593,0.166666666666667
"Adelie","Dream",40.8,18.9,208,4300,"male",2008,FALSE,FALSE,FALSE,FALSE,0.316363636363636,0.69047619047619,0.610169491525424,0.444444444444444
"Adelie","Dream",38.1,18.6,190,3700,"female",2008,FALSE,FALSE,FALSE,FALSE,0.218181818181818,0.654761904761905,0.305084745762712,0.277777777777778
"Adelie","Dream",40.3,18.5,196,4350,"male",2008,FALSE,FALSE,FALSE,FALSE,0.298181818181818,0.642857142857143,0.406779661016949,0.458333333333333
"Adelie","Dream",33.1,16.1,178,2900,"female",2008,FALSE,FALSE,FALSE,FALSE,0.0363636363636364,0.357142857142857,0.101694915254237,0.0555555555555556
"Adelie","Dream",43.2,18.5,192,4100,"male",2008,FALSE,FALSE,FALSE,FALSE,0.403636363636364,0.642857142857143,0.338983050847458,0.388888888888889
"Adelie","Biscoe",35,17.9,192,3725,"female",2009,FALSE,FALSE,FALSE,FALSE,0.105454545454545,0.571428571428571,0.338983050847458,0.284722222222222
"Adelie","Biscoe",41,20,203,4725,"male",2009,FALSE,FALSE,FALSE,FALSE,0.323636363636364,0.821428571428571,0.525423728813559,0.5625
"Adelie","Biscoe",37.7,16,183,3075,"female",2009,FALSE,FALSE,FALSE,FALSE,0.203636363636364,0.345238095238095,0.186440677966102,0.104166666666667
"Adelie","Biscoe",37.8,20,190,4250,"male",2009,FALSE,FALSE,FALSE,FALSE,0.207272727272727,0.821428571428571,0.305084745762712,0.430555555555556
"Adelie","Biscoe",37.9,18.6,193,2925,"female",2009,FALSE,FALSE,FALSE,FALSE,0.210909090909091,0.654761904761905,0.355932203389831,0.0625
"Adelie","Biscoe",39.7,18.9,184,3550,"male",2009,FALSE,FALSE,FALSE,FALSE,0.276363636363636,0.69047619047619,0.203389830508475,0.236111111111111
"Adelie","Biscoe",38.6,17.2,199,3750,"female",2009,FALSE,FALSE,FALSE,FALSE,0.236363636363636,0.488095238095238,0.457627118644068,0.291666666666667
"Adelie","Biscoe",38.2,20,190,3900,"male",2009,FALSE,FALSE,FALSE,FALSE,0.221818181818182,0.821428571428571,0.305084745762712,0.333333333333333
"Adelie","Biscoe",38.1,17,181,3175,"female",2009,FALSE,FALSE,FALSE,FALSE,0.218181818181818,0.464285714285714,0.152542372881356,0.131944444444444
"Adelie","Biscoe",43.2,19,197,4775,"male",2009,FALSE,FALSE,FALSE,FALSE,0.403636363636364,0.702380952380952,0.423728813559322,0.576388888888889
"Adelie","Biscoe",38.1,16.5,198,3825,"female",2009,FALSE,FALSE,FALSE,FALSE,0.218181818181818,0.404761904761905,0.440677966101695,0.3125
"Adelie","Biscoe",45.6,20.3,191,4600,"male",2009,FALSE,FALSE,FALSE,FALSE,0.490909090909091,0.857142857142857,0.322033898305085,0.527777777777778
"Adelie","Biscoe",39.7,17.7,193,3200,"female",2009,FALSE,FALSE,FALSE,FALSE,0.276363636363636,0.547619047619048,0.355932203389831,0.138888888888889
"Adelie","Biscoe",42.2,19.5,197,4275,"male",2009,FALSE,FALSE,FALSE,FALSE,0.367272727272727,0.761904761904762,0.423728813559322,0.4375
"Adelie","Biscoe",39.6,20.7,191,3900,"female",2009,FALSE,FALSE,FALSE,FALSE,0.272727272727273,0.904761904761905,0.322033898305085,0.333333333333333
"Adelie","Biscoe",42.7,18.3,196,4075,"male",2009,FALSE,FALSE,FALSE,FALSE,0.385454545454545,0.619047619047619,0.406779661016949,0.381944444444444
"Adelie","Torgersen",38.6,17,188,2900,"female",2009,FALSE,FALSE,FALSE,FALSE,0.236363636363636,0.464285714285714,0.271186440677966,0.0555555555555556
"Adelie","Torgersen",37.3,20.5,199,3775,"male",2009,FALSE,FALSE,FALSE,FALSE,0.189090909090909,0.880952380952381,0.457627118644068,0.298611111111111
"Adelie","Torgersen",35.7,17,189,3350,"female",2009,FALSE,FALSE,FALSE,FALSE,0.130909090909091,0.464285714285714,0.288135593220339,0.180555555555556
"Adelie","Torgersen",41.1,18.6,189,3325,"male",2009,FALSE,FALSE,FALSE,FALSE,0.327272727272727,0.654761904761905,0.288135593220339,0.173611111111111
"Adelie","Torgersen",36.2,17.2,187,3150,"female",2009,FALSE,FALSE,FALSE,FALSE,0.149090909090909,0.488095238095238,0.254237288135593,0.125
"Adelie","Torgersen",37.7,19.8,198,3500,"male",2009,FALSE,FALSE,FALSE,FALSE,0.203636363636364,0.797619047619048,0.440677966101695,0.222222222222222
"Adelie","Torgersen",40.2,17,176,3450,"female",2009,FALSE,FALSE,FALSE,FALSE,0.294545454545455,0.464285714285714,0.0677966101694915,0.208333333333333
"Adelie","Torgersen",41.4,18.5,202,3875,"male",2009,FALSE,FALSE,FALSE,FALSE,0.338181818181818,0.642857142857143,0.508474576271186,0.326388888888889
"Adelie","Torgersen",35.2,15.9,186,3050,"female",2009,FALSE,FALSE,FALSE,FALSE,0.112727272727273,0.333333333333333,0.23728813559322,0.0972222222222222
"Adelie","Torgersen",40.6,19,199,4000,"male",2009,FALSE,FALSE,FALSE,FALSE,0.309090909090909,0.702380952380952,0.457627118644068,0.361111111111111
"Adelie","Torgersen",38.8,17.6,191,3275,"female",2009,FALSE,FALSE,FALSE,FALSE,0.243636363636363,0.535714285714286,0.322033898305085,0.159722222222222
"Adelie","Torgersen",41.5,18.3,195,4300,"male",2009,FALSE,FALSE,FALSE,FALSE,0.341818181818182,0.619047619047619,0.389830508474576,0.444444444444444
"Adelie","Torgersen",39,17.1,191,3050,"female",2009,FALSE,FALSE,FALSE,FALSE,0.250909090909091,0.476190476190476,0.322033898305085,0.0972222222222222
"Adelie","Torgersen",44.1,18,210,4000,"male",2009,FALSE,FALSE,FALSE,FALSE,0.436363636363636,0.583333333333333,0.644067796610169,0.361111111111111
"Adelie","Torgersen",38.5,17.9,190,3325,"female",2009,FALSE,FALSE,FALSE,FALSE,0.232727272727273,0.571428571428571,0.305084745762712,0.173611111111111
"Adelie","Torgersen",43.1,19.2,197,3500,"male",2009,FALSE,FALSE,FALSE,FALSE,0.4,0.726190476190476,0.423728813559322,0.222222222222222
"Adelie","Dream",36.8,18.5,193,3500,"female",2009,FALSE,FALSE,FALSE,FALSE,0.170909090909091,0.642857142857143,0.355932203389831,0.222222222222222
"Adelie","Dream",37.5,18.5,199,4475,"male",2009,FALSE,FALSE,FALSE,FALSE,0.196363636363636,0.642857142857143,0.457627118644068,0.493055555555556
"Adelie","Dream",38.1,17.6,187,3425,"female",2009,FALSE,FALSE,FALSE,FALSE,0.218181818181818,0.535714285714286,0.254237288135593,0.201388888888889
"Adelie","Dream",41.1,17.5,190,3900,"male",2009,FALSE,FALSE,FALSE,FALSE,0.327272727272727,0.523809523809524,0.305084745762712,0.333333333333333
"Adelie","Dream",35.6,17.5,191,3175,"female",2009,FALSE,FALSE,FALSE,FALSE,0.127272727272727,0.523809523809524,0.322033898305085,0.131944444444444
"Adelie","Dream",40.2,20.1,200,3975,"male",2009,FALSE,FALSE,FALSE,FALSE,0.294545454545455,0.833333333333333,0.474576271186441,0.354166666666667
"Adelie","Dream",37,16.5,185,3400,"female",2009,FALSE,FALSE,FALSE,FALSE,0.178181818181818,0.404761904761905,0.220338983050847,0.194444444444444
"Adelie","Dream",39.7,17.9,193,4250,"male",2009,FALSE,FALSE,FALSE,FALSE,0.276363636363636,0.571428571428571,0.355932203389831,0.430555555555556
"Adelie","Dream",40.2,17.1,193,3400,"female",2009,FALSE,FALSE,FALSE,FALSE,0.294545454545455,0.476190476190476,0.355932203389831,0.194444444444444
"Adelie","Dream",40.6,17.2,187,3475,"male",2009,FALSE,FALSE,FALSE,FALSE,0.309090909090909,0.488095238095238,0.254237288135593,0.215277777777778
"Adelie","Dream",32.1,15.5,188,3050,"female",2009,FALSE,FALSE,FALSE,FALSE,0,0.285714285714286,0.271186440677966,0.0972222222222222
"Adelie","Dream",40.7,17,190,3725,"male",2009,FALSE,FALSE,FALSE,FALSE,0.312727272727273,0.464285714285714,0.305084745762712,0.284722222222222
"Adelie","Dream",37.3,16.8,192,3000,"female",2009,FALSE,FALSE,FALSE,FALSE,0.189090909090909,0.440476190476191,0.338983050847458,0.0833333333333333
"Adelie","Dream",39,18.7,185,3650,"male",2009,FALSE,FALSE,FALSE,FALSE,0.250909090909091,0.666666666666667,0.220338983050847,0.263888888888889
"Adelie","Dream",39.2,18.6,190,4250,"male",2009,FALSE,FALSE,FALSE,FALSE,0.258181818181818,0.654761904761905,0.305084745762712,0.430555555555556
"Adelie","Dream",36.6,18.4,184,3475,"female",2009,FALSE,FALSE,FALSE,FALSE,0.163636363636364,0.630952380952381,0.203389830508475,0.215277777777778
"Adelie","Dream",36,17.8,195,3450,"female",2009,FALSE,FALSE,FALSE,FALSE,0.141818181818182,0.55952380952381,0.389830508474576,0.208333333333333
"Adelie","Dream",37.8,18.1,193,3750,"male",2009,FALSE,FALSE,FALSE,FALSE,0.207272727272727,0.595238095238095,0.355932203389831,0.291666666666667
"Adelie","Dream",36,17.1,187,3700,"female",2009,FALSE,FALSE,FALSE,FALSE,0.141818181818182,0.476190476190476,0.254237288135593,0.277777777777778
"Adelie","Dream",41.5,18.5,201,4000,"male",2009,FALSE,FALSE,FALSE,FALSE,0.341818181818182,0.642857142857143,0.491525423728814,0.361111111111111
"Gentoo","Biscoe",46.1,13.2,211,4500,"female",2007,FALSE,FALSE,FALSE,FALSE,0.509090909090909,0.0119047619047619,0.661016949152542,0.5
"Gentoo","Biscoe",50,16.3,230,5700,"male",2007,FALSE,FALSE,FALSE,FALSE,0.650909090909091,0.380952380952381,0.983050847457627,0.833333333333333
"Gentoo","Biscoe",48.7,14.1,210,4450,"female",2007,FALSE,FALSE,FALSE,FALSE,0.603636363636364,0.119047619047619,0.644067796610169,0.486111111111111
"Gentoo","Biscoe",50,15.2,218,5700,"male",2007,FALSE,FALSE,FALSE,FALSE,0.650909090909091,0.25,0.779661016949153,0.833333333333333
"Gentoo","Biscoe",47.6,14.5,215,5400,"male",2007,FALSE,FALSE,FALSE,FALSE,0.563636363636364,0.166666666666667,0.728813559322034,0.75
"Gentoo","Biscoe",46.5,13.5,210,4550,"female",2007,FALSE,FALSE,FALSE,FALSE,0.523636363636364,0.0476190476190477,0.644067796610169,0.513888888888889
"Gentoo","Biscoe",45.4,14.6,211,4800,"female",2007,FALSE,FALSE,FALSE,FALSE,0.483636363636364,0.178571428571429,0.661016949152542,0.583333333333333
"Gentoo","Biscoe",46.7,15.3,219,5200,"male",2007,FALSE,FALSE,FALSE,FALSE,0.530909090909091,0.261904761904762,0.796610169491525,0.694444444444444
"Gentoo","Biscoe",43.3,13.4,209,4400,"female",2007,FALSE,FALSE,FALSE,FALSE,0.407272727272727,0.0357142857142858,0.627118644067797,0.472222222222222
"Gentoo","Biscoe",46.8,15.4,215,5150,"male",2007,FALSE,FALSE,FALSE,FALSE,0.534545454545454,0.273809523809524,0.728813559322034,0.680555555555556
"Gentoo","Biscoe",40.9,13.7,214,4650,"female",2007,FALSE,FALSE,FALSE,FALSE,0.32,0.0714285714285714,0.711864406779661,0.541666666666667
"Gentoo","Biscoe",49,16.1,216,5550,"male",2007,FALSE,FALSE,FALSE,FALSE,0.614545454545455,0.357142857142857,0.745762711864407,0.791666666666667
"Gentoo","Biscoe",45.5,13.7,214,4650,"female",2007,FALSE,FALSE,FALSE,FALSE,0.487272727272727,0.0714285714285714,0.711864406779661,0.541666666666667
"Gentoo","Biscoe",48.4,14.6,213,5850,"male",2007,FALSE,FALSE,FALSE,FALSE,0.592727272727273,0.178571428571429,0.694915254237288,0.875
"Gentoo","Biscoe",45.8,14.6,210,4200,"female",2007,FALSE,FALSE,FALSE,FALSE,0.498181818181818,0.178571428571429,0.644067796610169,0.416666666666667
"Gentoo","Biscoe",49.3,15.7,217,5850,"male",2007,FALSE,FALSE,FALSE,FALSE,0.625454545454545,0.309523809523809,0.76271186440678,0.875
"Gentoo","Biscoe",42,13.5,210,4150,"female",2007,FALSE,FALSE,FALSE,FALSE,0.36,0.0476190476190477,0.644067796610169,0.402777777777778
"Gentoo","Biscoe",49.2,15.2,221,6300,"male",2007,FALSE,FALSE,FALSE,FALSE,0.621818181818182,0.25,0.830508474576271,1
"Gentoo","Biscoe",46.2,14.5,209,4800,"female",2007,FALSE,FALSE,FALSE,FALSE,0.512727272727273,0.166666666666667,0.627118644067797,0.583333333333333
"Gentoo","Biscoe",48.7,15.1,222,5350,"male",2007,FALSE,FALSE,FALSE,FALSE,0.603636363636364,0.238095238095238,0.847457627118644,0.736111111111111
"Gentoo","Biscoe",50.2,14.3,218,5700,"male",2007,FALSE,FALSE,FALSE,FALSE,0.658181818181818,0.142857142857143,0.779661016949153,0.833333333333333
"Gentoo","Biscoe",45.1,14.5,215,5000,"female",2007,FALSE,FALSE,FALSE,FALSE,0.472727272727273,0.166666666666667,0.728813559322034,0.638888888888889
"Gentoo","Biscoe",46.5,14.5,213,4400,"female",2007,FALSE,FALSE,FALSE,FALSE,0.523636363636364,0.166666666666667,0.694915254237288,0.472222222222222
"Gentoo","Biscoe",46.3,15.8,215,5050,"male",2007,FALSE,FALSE,FALSE,FALSE,0.516363636363636,0.321428571428572,0.728813559322034,0.652777777777778
"Gentoo","Biscoe",42.9,13.1,215,5000,"female",2007,FALSE,FALSE,FALSE,FALSE,0.392727272727273,0,0.728813559322034,0.638888888888889
"Gentoo","Biscoe",46.1,15.1,215,5100,"male",2007,FALSE,FALSE,FALSE,FALSE,0.509090909090909,0.238095238095238,0.728813559322034,0.666666666666667
"Gentoo","Biscoe",44.5,14.3,216,4100,"Unknown",2007,FALSE,FALSE,FALSE,FALSE,0.450909090909091,0.142857142857143,0.745762711864407,0.388888888888889
"Gentoo","Biscoe",47.8,15,215,5650,"male",2007,FALSE,FALSE,FALSE,FALSE,0.570909090909091,0.226190476190476,0.728813559322034,0.819444444444444
"Gentoo","Biscoe",48.2,14.3,210,4600,"female",2007,FALSE,FALSE,FALSE,FALSE,0.585454545454546,0.142857142857143,0.644067796610169,0.527777777777778
"Gentoo","Biscoe",50,15.3,220,5550,"male",2007,FALSE,FALSE,FALSE,FALSE,0.650909090909091,0.261904761904762,0.813559322033898,0.791666666666667
"Gentoo","Biscoe",47.3,15.3,222,5250,"male",2007,FALSE,FALSE,FALSE,FALSE,0.552727272727273,0.261904761904762,0.847457627118644,0.708333333333333
"Gentoo","Biscoe",42.8,14.2,209,4700,"female",2007,FALSE,FALSE,FALSE,FALSE,0.389090909090909,0.130952380952381,0.627118644067797,0.555555555555556
"Gentoo","Biscoe",45.1,14.5,207,5050,"female",2007,FALSE,FALSE,FALSE,FALSE,0.472727272727273,0.166666666666667,0.593220338983051,0.652777777777778
"Gentoo","Biscoe",59.6,17,230,6050,"male",2007,FALSE,FALSE,FALSE,FALSE,1,0.464285714285714,0.983050847457627,0.930555555555556
"Gentoo","Biscoe",49.1,14.8,220,5150,"female",2008,FALSE,FALSE,FALSE,FALSE,0.618181818181818,0.202380952380952,0.813559322033898,0.680555555555556
"Gentoo","Biscoe",48.4,16.3,220,5400,"male",2008,FALSE,FALSE,FALSE,FALSE,0.592727272727273,0.380952380952381,0.813559322033898,0.75
"Gentoo","Biscoe",42.6,13.7,213,4950,"female",2008,FALSE,FALSE,FALSE,FALSE,0.381818181818182,0.0714285714285714,0.694915254237288,0.625
"Gentoo","Biscoe",44.4,17.3,219,5250,"male",2008,FALSE,FALSE,FALSE,FALSE,0.447272727272727,0.5,0.796610169491525,0.708333333333333
"Gentoo","Biscoe",44,13.6,208,4350,"female",2008,FALSE,FALSE,FALSE,FALSE,0.432727272727273,0.0595238095238095,0.610169491525424,0.458333333333333
"Gentoo","Biscoe",48.7,15.7,208,5350,"male",2008,FALSE,FALSE,FALSE,FALSE,0.603636363636364,0.309523809523809,0.610169491525424,0.736111111111111
"Gentoo","Biscoe",42.7,13.7,208,3950,"female",2008,FALSE,FALSE,FALSE,FALSE,0.385454545454545,0.0714285714285714,0.610169491525424,0.347222222222222
"Gentoo","Biscoe",49.6,16,225,5700,"male",2008,FALSE,FALSE,FALSE,FALSE,0.636363636363636,0.345238095238095,0.898305084745763,0.833333333333333
"Gentoo","Biscoe",45.3,13.7,210,4300,"female",2008,FALSE,FALSE,FALSE,FALSE,0.48,0.0714285714285714,0.644067796610169,0.444444444444444
"Gentoo","Biscoe",49.6,15,216,4750,"male",2008,FALSE,FALSE,FALSE,FALSE,0.636363636363636,0.226190476190476,0.745762711864407,0.569444444444444
"Gentoo","Biscoe",50.5,15.9,222,5550,"male",2008,FALSE,FALSE,FALSE,FALSE,0.669090909090909,0.333333333333333,0.847457627118644,0.791666666666667
"Gentoo","Biscoe",43.6,13.9,217,4900,"female",2008,FALSE,FALSE,FALSE,FALSE,0.418181818181818,0.0952380952380953,0.76271186440678,0.611111111111111
"Gentoo","Biscoe",45.5,13.9,210,4200,"female",2008,FALSE,FALSE,FALSE,FALSE,0.487272727272727,0.0952380952380953,0.644067796610169,0.416666666666667
"Gentoo","Biscoe",50.5,15.9,225,5400,"male",2008,FALSE,FALSE,FALSE,FALSE,0.669090909090909,0.333333333333333,0.898305084745763,0.75
"Gentoo","Biscoe",44.9,13.3,213,5100,"female",2008,FALSE,FALSE,FALSE,FALSE,0.465454545454545,0.0238095238095239,0.694915254237288,0.666666666666667
"Gentoo","Biscoe",45.2,15.8,215,5300,"male",2008,FALSE,FALSE,FALSE,FALSE,0.476363636363636,0.321428571428572,0.728813559322034,0.722222222222222
"Gentoo","Biscoe",46.6,14.2,210,4850,"female",2008,FALSE,FALSE,FALSE,FALSE,0.527272727272727,0.130952380952381,0.644067796610169,0.597222222222222
"Gentoo","Biscoe",48.5,14.1,220,5300,"male",2008,FALSE,FALSE,FALSE,FALSE,0.596363636363636,0.119047619047619,0.813559322033898,0.722222222222222
"Gentoo","Biscoe",45.1,14.4,210,4400,"female",2008,FALSE,FALSE,FALSE,FALSE,0.472727272727273,0.154761904761905,0.644067796610169,0.472222222222222
"Gentoo","Biscoe",50.1,15,225,5000,"male",2008,FALSE,FALSE,FALSE,FALSE,0.654545454545455,0.226190476190476,0.898305084745763,0.638888888888889
"Gentoo","Biscoe",46.5,14.4,217,4900,"female",2008,FALSE,FALSE,FALSE,FALSE,0.523636363636364,0.154761904761905,0.76271186440678,0.611111111111111
"Gentoo","Biscoe",45,15.4,220,5050,"male",2008,FALSE,FALSE,FALSE,FALSE,0.469090909090909,0.273809523809524,0.813559322033898,0.652777777777778
"Gentoo","Biscoe",43.8,13.9,208,4300,"female",2008,FALSE,FALSE,FALSE,FALSE,0.425454545454545,0.0952380952380953,0.610169491525424,0.444444444444444
"Gentoo","Biscoe",45.5,15,220,5000,"male",2008,FALSE,FALSE,FALSE,FALSE,0.487272727272727,0.226190476190476,0.813559322033898,0.638888888888889
"Gentoo","Biscoe",43.2,14.5,208,4450,"female",2008,FALSE,FALSE,FALSE,FALSE,0.403636363636364,0.166666666666667,0.610169491525424,0.486111111111111
"Gentoo","Biscoe",50.4,15.3,224,5550,"male",2008,FALSE,FALSE,FALSE,FALSE,0.665454545454545,0.261904761904762,0.88135593220339,0.791666666666667
"Gentoo","Biscoe",45.3,13.8,208,4200,"female",2008,FALSE,FALSE,FALSE,FALSE,0.48,0.0833333333333335,0.610169491525424,0.416666666666667
"Gentoo","Biscoe",46.2,14.9,221,5300,"male",2008,FALSE,FALSE,FALSE,FALSE,0.512727272727273,0.214285714285714,0.830508474576271,0.722222222222222
"Gentoo","Biscoe",45.7,13.9,214,4400,"female",2008,FALSE,FALSE,FALSE,FALSE,0.494545454545455,0.0952380952380953,0.711864406779661,0.472222222222222
"Gentoo","Biscoe",54.3,15.7,231,5650,"male",2008,FALSE,FALSE,FALSE,FALSE,0.807272727272727,0.309523809523809,1,0.819444444444444
"Gentoo","Biscoe",45.8,14.2,219,4700,"female",2008,FALSE,FALSE,FALSE,FALSE,0.498181818181818,0.130952380952381,0.796610169491525,0.555555555555556
"Gentoo","Biscoe",49.8,16.8,230,5700,"male",2008,FALSE,FALSE,FALSE,FALSE,0.643636363636363,0.440476190476191,0.983050847457627,0.833333333333333
"Gentoo","Biscoe",46.2,14.4,214,4650,"Unknown",2008,FALSE,FALSE,FALSE,FALSE,0.512727272727273,0.154761904761905,0.711864406779661,0.541666666666667
"Gentoo","Biscoe",49.5,16.2,229,5800,"male",2008,FALSE,FALSE,FALSE,FALSE,0.632727272727273,0.369047619047619,0.966101694915254,0.861111111111111
"Gentoo","Biscoe",43.5,14.2,220,4700,"female",2008,FALSE,FALSE,FALSE,FALSE,0.414545454545454,0.130952380952381,0.813559322033898,0.555555555555556
"Gentoo","Biscoe",50.7,15,223,5550,"male",2008,FALSE,FALSE,FALSE,FALSE,0.676363636363636,0.226190476190476,0.864406779661017,0.791666666666667
"Gentoo","Biscoe",47.7,15,216,4750,"female",2008,FALSE,FALSE,FALSE,FALSE,0.567272727272727,0.226190476190476,0.745762711864407,0.569444444444444
"Gentoo","Biscoe",46.4,15.6,221,5000,"male",2008,FALSE,FALSE,FALSE,FALSE,0.52,0.297619047619048,0.830508474576271,0.638888888888889
"Gentoo","Biscoe",48.2,15.6,221,5100,"male",2008,FALSE,FALSE,FALSE,FALSE,0.585454545454546,0.297619047619048,0.830508474576271,0.666666666666667
"Gentoo","Biscoe",46.5,14.8,217,5200,"female",2008,FALSE,FALSE,FALSE,FALSE,0.523636363636364,0.202380952380952,0.76271186440678,0.694444444444444
"Gentoo","Biscoe",46.4,15,216,4700,"female",2008,FALSE,FALSE,FALSE,FALSE,0.52,0.226190476190476,0.745762711864407,0.555555555555556
"Gentoo","Biscoe",48.6,16,230,5800,"male",2008,FALSE,FALSE,FALSE,FALSE,0.6,0.345238095238095,0.983050847457627,0.861111111111111
"Gentoo","Biscoe",47.5,14.2,209,4600,"female",2008,FALSE,FALSE,FALSE,FALSE,0.56,0.130952380952381,0.627118644067797,0.527777777777778
"Gentoo","Biscoe",51.1,16.3,220,6000,"male",2008,FALSE,FALSE,FALSE,FALSE,0.690909090909091,0.380952380952381,0.813559322033898,0.916666666666667
"Gentoo","Biscoe",45.2,13.8,215,4750,"female",2008,FALSE,FALSE,FALSE,FALSE,0.476363636363636,0.0833333333333335,0.728813559322034,0.569444444444444
"Gentoo","Biscoe",45.2,16.4,223,5950,"male",2008,FALSE,FALSE,FALSE,FALSE,0.476363636363636,0.392857142857143,0.864406779661017,0.902777777777778
"Gentoo","Biscoe",49.1,14.5,212,4625,"female",2009,FALSE,FALSE,FALSE,FALSE,0.618181818181818,0.166666666666667,0.677966101694915,0.534722222222222
"Gentoo","Biscoe",52.5,15.6,221,5450,"male",2009,FALSE,FALSE,FALSE,FALSE,0.741818181818182,0.297619047619048,0.830508474576271,0.763888888888889
"Gentoo","Biscoe",47.4,14.6,212,4725,"female",2009,FALSE,FALSE,FALSE,FALSE,0.556363636363636,0.178571428571429,0.677966101694915,0.5625
"Gentoo","Biscoe",50,15.9,224,5350,"male",2009,FALSE,FALSE,FALSE,FALSE,0.650909090909091,0.333333333333333,0.88135593220339,0.736111111111111
"Gentoo","Biscoe",44.9,13.8,212,4750,"female",2009,FALSE,FALSE,FALSE,FALSE,0.465454545454545,0.0833333333333335,0.677966101694915,0.569444444444444
"Gentoo","Biscoe",50.8,17.3,228,5600,"male",2009,FALSE,FALSE,FALSE,FALSE,0.68,0.5,0.949152542372881,0.805555555555556
"Gentoo","Biscoe",43.4,14.4,218,4600,"female",2009,FALSE,FALSE,FALSE,FALSE,0.410909090909091,0.154761904761905,0.779661016949153,0.527777777777778
"Gentoo","Biscoe",51.3,14.2,218,5300,"male",2009,FALSE,FALSE,FALSE,FALSE,0.698181818181818,0.130952380952381,0.779661016949153,0.722222222222222
"Gentoo","Biscoe",47.5,14,212,4875,"female",2009,FALSE,FALSE,FALSE,FALSE,0.56,0.107142857142857,0.677966101694915,0.604166666666667
"Gentoo","Biscoe",52.1,17,230,5550,"male",2009,FALSE,FALSE,FALSE,FALSE,0.727272727272727,0.464285714285714,0.983050847457627,0.791666666666667
"Gentoo","Biscoe",47.5,15,218,4950,"female",2009,FALSE,FALSE,FALSE,FALSE,0.56,0.226190476190476,0.779661016949153,0.625
"Gentoo","Biscoe",52.2,17.1,228,5400,"male",2009,FALSE,FALSE,FALSE,FALSE,0.730909090909091,0.476190476190476,0.949152542372881,0.75
"Gentoo","Biscoe",45.5,14.5,212,4750,"female",2009,FALSE,FALSE,FALSE,FALSE,0.487272727272727,0.166666666666667,0.677966101694915,0.569444444444444
"Gentoo","Biscoe",49.5,16.1,224,5650,"male",2009,FALSE,FALSE,FALSE,FALSE,0.632727272727273,0.357142857142857,0.88135593220339,0.819444444444444
"Gentoo","Biscoe",44.5,14.7,214,4850,"female",2009,FALSE,FALSE,FALSE,FALSE,0.450909090909091,0.19047619047619,0.711864406779661,0.597222222222222
"Gentoo","Biscoe",50.8,15.7,226,5200,"male",2009,FALSE,FALSE,FALSE,FALSE,0.68,0.309523809523809,0.915254237288136,0.694444444444444
"Gentoo","Biscoe",49.4,15.8,216,4925,"male",2009,FALSE,FALSE,FALSE,FALSE,0.629090909090909,0.321428571428572,0.745762711864407,0.618055555555556
"Gentoo","Biscoe",46.9,14.6,222,4875,"female",2009,FALSE,FALSE,FALSE,FALSE,0.538181818181818,0.178571428571429,0.847457627118644,0.604166666666667
"Gentoo","Biscoe",48.4,14.4,203,4625,"female",2009,FALSE,FALSE,FALSE,FALSE,0.592727272727273,0.154761904761905,0.525423728813559,0.534722222222222
"Gentoo","Biscoe",51.1,16.5,225,5250,"male",2009,FALSE,FALSE,FALSE,FALSE,0.690909090909091,0.404761904761905,0.898305084745763,0.708333333333333
"Gentoo","Biscoe",48.5,15,219,4850,"female",2009,FALSE,FALSE,FALSE,FALSE,0.596363636363636,0.226190476190476,0.796610169491525,0.597222222222222
"Gentoo","Biscoe",55.9,17,228,5600,"male",2009,FALSE,FALSE,FALSE,FALSE,0.865454545454545,0.464285714285714,0.949152542372881,0.805555555555556
"Gentoo","Biscoe",47.2,15.5,215,4975,"female",2009,FALSE,FALSE,FALSE,FALSE,0.549090909090909,0.285714285714286,0.728813559322034,0.631944444444444
"Gentoo","Biscoe",49.1,15,228,5500,"male",2009,FALSE,FALSE,FALSE,FALSE,0.618181818181818,0.226190476190476,0.949152542372881,0.777777777777778
"Gentoo","Biscoe",47.3,13.8,216,4725,"Unknown",2009,FALSE,FALSE,FALSE,FALSE,0.552727272727273,0.0833333333333335,0.745762711864407,0.5625
"Gentoo","Biscoe",46.8,16.1,215,5500,"male",2009,FALSE,FALSE,FALSE,FALSE,0.534545454545454,0.357142857142857,0.728813559322034,0.777777777777778
"Gentoo","Biscoe",41.7,14.7,210,4700,"female",2009,FALSE,FALSE,FALSE,FALSE,0.349090909090909,0.19047619047619,0.644067796610169,0.555555555555556
"Gentoo","Biscoe",53.4,15.8,219,5500,"male",2009,FALSE,FALSE,FALSE,FALSE,0.774545454545454,0.321428571428572,0.796610169491525,0.777777777777778
"Gentoo","Biscoe",43.3,14,208,4575,"female",2009,FALSE,FALSE,FALSE,FALSE,0.407272727272727,0.107142857142857,0.610169491525424,0.520833333333333
"Gentoo","Biscoe",48.1,15.1,209,5500,"male",2009,FALSE,FALSE,FALSE,FALSE,0.581818181818182,0.238095238095238,0.627118644067797,0.777777777777778
"Gentoo","Biscoe",50.5,15.2,216,5000,"female",2009,FALSE,FALSE,FALSE,FALSE,0.669090909090909,0.25,0.745762711864407,0.638888888888889
"Gentoo","Biscoe",49.8,15.9,229,5950,"male",2009,FALSE,FALSE,FALSE,FALSE,0.643636363636363,0.333333333333333,0.966101694915254,0.902777777777778
"Gentoo","Biscoe",43.5,15.2,213,4650,"female",2009,FALSE,FALSE,FALSE,FALSE,0.414545454545454,0.25,0.694915254237288,0.541666666666667
"Gentoo","Biscoe",51.5,16.3,230,5500,"male",2009,FALSE,FALSE,FALSE,FALSE,0.705454545454545,0.380952380952381,0.983050847457627,0.777777777777778
"Gentoo","Biscoe",46.2,14.1,217,4375,"female",2009,FALSE,FALSE,FALSE,FALSE,0.512727272727273,0.119047619047619,0.76271186440678,0.465277777777778
"Gentoo","Biscoe",55.1,16,230,5850,"male",2009,FALSE,FALSE,FALSE,FALSE,0.836363636363636,0.345238095238095,0.983050847457627,0.875
"Gentoo","Biscoe",44.5,15.7,217,4875,"Unknown",2009,FALSE,FALSE,FALSE,FALSE,0.450909090909091,0.309523809523809,0.76271186440678,0.604166666666667
"Gentoo","Biscoe",48.8,16.2,222,6000,"male",2009,FALSE,FALSE,FALSE,FALSE,0.607272727272727,0.369047619047619,0.847457627118644,0.916666666666667
"Gentoo","Biscoe",47.2,13.7,214,4925,"female",2009,FALSE,FALSE,FALSE,FALSE,0.549090909090909,0.0714285714285714,0.711864406779661,0.618055555555556
"Gentoo","Biscoe",44.45,17.3,197,4050,"Unknown",2009,TRUE,TRUE,TRUE,TRUE,0.449090909090909,0.5,0.423728813559322,0.375
"Gentoo","Biscoe",46.8,14.3,215,4850,"female",2009,FALSE,FALSE,FALSE,FALSE,0.534545454545454,0.142857142857143,0.728813559322034,0.597222222222222
"Gentoo","Biscoe",50.4,15.7,222,5750,"male",2009,FALSE,FALSE,FALSE,FALSE,0.665454545454545,0.309523809523809,0.847457627118644,0.847222222222222
"Gentoo","Biscoe",45.2,14.8,212,5200,"female",2009,FALSE,FALSE,FALSE,FALSE,0.476363636363636,0.202380952380952,0.677966101694915,0.694444444444444
"Gentoo","Biscoe",49.9,16.1,213,5400,"male",2009,FALSE,FALSE,FALSE,FALSE,0.647272727272727,0.357142857142857,0.694915254237288,0.75
"Chinstrap","Dream",46.5,17.9,192,3500,"female",2007,FALSE,FALSE,FALSE,FALSE,0.523636363636364,0.571428571428571,0.338983050847458,0.222222222222222
"Chinstrap","Dream",50,19.5,196,3900,"male",2007,FALSE,FALSE,FALSE,FALSE,0.650909090909091,0.761904761904762,0.406779661016949,0.333333333333333
"Chinstrap","Dream",51.3,19.2,193,3650,"male",2007,FALSE,FALSE,FALSE,FALSE,0.698181818181818,0.726190476190476,0.355932203389831,0.263888888888889
"Chinstrap","Dream",45.4,18.7,188,3525,"female",2007,FALSE,FALSE,FALSE,FALSE,0.483636363636364,0.666666666666667,0.271186440677966,0.229166666666667
"Chinstrap","Dream",52.7,19.8,197,3725,"male",2007,FALSE,FALSE,FALSE,FALSE,0.749090909090909,0.797619047619048,0.423728813559322,0.284722222222222
"Chinstrap","Dream",45.2,17.8,198,3950,"female",2007,FALSE,FALSE,FALSE,FALSE,0.476363636363636,0.55952380952381,0.440677966101695,0.347222222222222
"Chinstrap","Dream",46.1,18.2,178,3250,"female",2007,FALSE,FALSE,FALSE,FALSE,0.509090909090909,0.607142857142857,0.101694915254237,0.152777777777778
"Chinstrap","Dream",51.3,18.2,197,3750,"male",2007,FALSE,FALSE,FALSE,FALSE,0.698181818181818,0.607142857142857,0.423728813559322,0.291666666666667
"Chinstrap","Dream",46,18.9,195,4150,"female",2007,FALSE,FALSE,FALSE,FALSE,0.505454545454545,0.69047619047619,0.389830508474576,0.402777777777778
"Chinstrap","Dream",51.3,19.9,198,3700,"male",2007,FALSE,FALSE,FALSE,FALSE,0.698181818181818,0.809523809523809,0.440677966101695,0.277777777777778
"Chinstrap","Dream",46.6,17.8,193,3800,"female",2007,FALSE,FALSE,FALSE,FALSE,0.527272727272727,0.55952380952381,0.355932203389831,0.305555555555556
"Chinstrap","Dream",51.7,20.3,194,3775,"male",2007,FALSE,FALSE,FALSE,FALSE,0.712727272727273,0.857142857142857,0.372881355932203,0.298611111111111
"Chinstrap","Dream",47,17.3,185,3700,"female",2007,FALSE,FALSE,FALSE,FALSE,0.541818181818182,0.5,0.220338983050847,0.277777777777778
"Chinstrap","Dream",52,18.1,201,4050,"male",2007,FALSE,FALSE,FALSE,FALSE,0.723636363636364,0.595238095238095,0.491525423728814,0.375
"Chinstrap","Dream",45.9,17.1,190,3575,"female",2007,FALSE,FALSE,FALSE,FALSE,0.501818181818182,0.476190476190476,0.305084745762712,0.243055555555556
"Chinstrap","Dream",50.5,19.6,201,4050,"male",2007,FALSE,FALSE,FALSE,FALSE,0.669090909090909,0.773809523809524,0.491525423728814,0.375
"Chinstrap","Dream",50.3,20,197,3300,"male",2007,FALSE,FALSE,FALSE,FALSE,0.661818181818182,0.821428571428571,0.423728813559322,0.166666666666667
"Chinstrap","Dream",58,17.8,181,3700,"female",2007,FALSE,FALSE,FALSE,FALSE,0.941818181818182,0.55952380952381,0.152542372881356,0.277777777777778
"Chinstrap","Dream",46.4,18.6,190,3450,"female",2007,FALSE,FALSE,FALSE,FALSE,0.52,0.654761904761905,0.305084745762712,0.208333333333333
"Chinstrap","Dream",49.2,18.2,195,4400,"male",2007,FALSE,FALSE,FALSE,FALSE,0.621818181818182,0.607142857142857,0.389830508474576,0.472222222222222
"Chinstrap","Dream",42.4,17.3,181,3600,"female",2007,FALSE,FALSE,FALSE,FALSE,0.374545454545454,0.5,0.152542372881356,0.25
"Chinstrap","Dream",48.5,17.5,191,3400,"male",2007,FALSE,FALSE,FALSE,FALSE,0.596363636363636,0.523809523809524,0.322033898305085,0.194444444444444
"Chinstrap","Dream",43.2,16.6,187,2900,"female",2007,FALSE,FALSE,FALSE,FALSE,0.403636363636364,0.416666666666667,0.254237288135593,0.0555555555555556
"Chinstrap","Dream",50.6,19.4,193,3800,"male",2007,FALSE,FALSE,FALSE,FALSE,0.672727272727273,0.75,0.355932203389831,0.305555555555556
"Chinstrap","Dream",46.7,17.9,195,3300,"female",2007,FALSE,FALSE,FALSE,FALSE,0.530909090909091,0.571428571428571,0.389830508474576,0.166666666666667
"Chinstrap","Dream",52,19,197,4150,"male",2007,FALSE,FALSE,FALSE,FALSE,0.723636363636364,0.702380952380952,0.423728813559322,0.402777777777778
"Chinstrap","Dream",50.5,18.4,200,3400,"female",2008,FALSE,FALSE,FALSE,FALSE,0.669090909090909,0.630952380952381,0.474576271186441,0.194444444444444
"Chinstrap","Dream",49.5,19,200,3800,"male",2008,FALSE,FALSE,FALSE,FALSE,0.632727272727273,0.702380952380952,0.474576271186441,0.305555555555556
"Chinstrap","Dream",46.4,17.8,191,3700,"female",2008,FALSE,FALSE,FALSE,FALSE,0.52,0.55952380952381,0.322033898305085,0.277777777777778
"Chinstrap","Dream",52.8,20,205,4550,"male",2008,FALSE,FALSE,FALSE,FALSE,0.752727272727273,0.821428571428571,0.559322033898305,0.513888888888889
"Chinstrap","Dream",40.9,16.6,187,3200,"female",2008,FALSE,FALSE,FALSE,FALSE,0.32,0.416666666666667,0.254237288135593,0.138888888888889
"Chinstrap","Dream",54.2,20.8,201,4300,"male",2008,FALSE,FALSE,FALSE,FALSE,0.803636363636364,0.916666666666667,0.491525423728814,0.444444444444444
"Chinstrap","Dream",42.5,16.7,187,3350,"female",2008,FALSE,FALSE,FALSE,FALSE,0.378181818181818,0.428571428571428,0.254237288135593,0.180555555555556
"Chinstrap","Dream",51,18.8,203,4100,"male",2008,FALSE,FALSE,FALSE,FALSE,0.687272727272727,0.678571428571429,0.525423728813559,0.388888888888889
"Chinstrap","Dream",49.7,18.6,195,3600,"male",2008,FALSE,FALSE,FALSE,FALSE,0.64,0.654761904761905,0.389830508474576,0.25
"Chinstrap","Dream",47.5,16.8,199,3900,"female",2008,FALSE,FALSE,FALSE,FALSE,0.56,0.440476190476191,0.457627118644068,0.333333333333333
"Chinstrap","Dream",47.6,18.3,195,3850,"female",2008,FALSE,FALSE,FALSE,FALSE,0.563636363636364,0.619047619047619,0.389830508474576,0.319444444444444
"Chinstrap","Dream",52,20.7,210,4800,"male",2008,FALSE,FALSE,FALSE,FALSE,0.723636363636364,0.904761904761905,0.644067796610169,0.583333333333333
"Chinstrap","Dream",46.9,16.6,192,2700,"female",2008,FALSE,FALSE,FALSE,FALSE,0.538181818181818,0.416666666666667,0.338983050847458,0
"Chinstrap","Dream",53.5,19.9,205,4500,"male",2008,FALSE,FALSE,FALSE,FALSE,0.778181818181818,0.809523809523809,0.559322033898305,0.5
"Chinstrap","Dream",49,19.5,210,3950,"male",2008,FALSE,FALSE,FALSE,FALSE,0.614545454545455,0.761904761904762,0.644067796610169,0.347222222222222
"Chinstrap","Dream",46.2,17.5,187,3650,"female",2008,FALSE,FALSE,FALSE,FALSE,0.512727272727273,0.523809523809524,0.254237288135593,0.263888888888889
"Chinstrap","Dream",50.9,19.1,196,3550,"male",2008,FALSE,FALSE,FALSE,FALSE,0.683636363636363,0.714285714285714,0.406779661016949,0.236111111111111
"Chinstrap","Dream",45.5,17,196,3500,"female",2008,FALSE,FALSE,FALSE,FALSE,0.487272727272727,0.464285714285714,0.406779661016949,0.222222222222222
"Chinstrap","Dream",50.9,17.9,196,3675,"female",2009,FALSE,FALSE,FALSE,FALSE,0.683636363636363,0.571428571428571,0.406779661016949,0.270833333333333
"Chinstrap","Dream",50.8,18.5,201,4450,"male",2009,FALSE,FALSE,FALSE,FALSE,0.68,0.642857142857143,0.491525423728814,0.486111111111111
"Chinstrap","Dream",50.1,17.9,190,3400,"female",2009,FALSE,FALSE,FALSE,FALSE,0.654545454545455,0.571428571428571,0.305084745762712,0.194444444444444
"Chinstrap","Dream",49,19.6,212,4300,"male",2009,FALSE,FALSE,FALSE,FALSE,0.614545454545455,0.773809523809524,0.677966101694915,0.444444444444444
"Chinstrap","Dream",51.5,18.7,187,3250,"male",2009,FALSE,FALSE,FALSE,FALSE,0.705454545454545,0.666666666666667,0.254237288135593,0.152777777777778
"Chinstrap","Dream",49.8,17.3,198,3675,"female",2009,FALSE,FALSE,FALSE,FALSE,0.643636363636363,0.5,0.440677966101695,0.270833333333333
"Chinstrap","Dream",48.1,16.4,199,3325,"female",2009,FALSE,FALSE,FALSE,FALSE,0.581818181818182,0.392857142857143,0.457627118644068,0.173611111111111
"Chinstrap","Dream",51.4,19,201,3950,"male",2009,FALSE,FALSE,FALSE,FALSE,0.701818181818182,0.702380952380952,0.491525423728814,0.347222222222222
"Chinstrap","Dream",45.7,17.3,193,3600,"female",2009,FALSE,FALSE,FALSE,FALSE,0.494545454545455,0.5,0.355932203389831,0.25
"Chinstrap","Dream",50.7,19.7,203,4050,"male",2009,FALSE,FALSE,FALSE,FALSE,0.676363636363636,0.785714285714286,0.525423728813559,0.375
"Chinstrap","Dream",42.5,17.3,187,3350,"female",2009,FALSE,FALSE,FALSE,FALSE,0.378181818181818,0.5,0.254237288135593,0.180555555555556
"Chinstrap","Dream",52.2,18.8,197,3450,"male",2009,FALSE,FALSE,FALSE,FALSE,0.730909090909091,0.678571428571429,0.423728813559322,0.208333333333333
"Chinstrap","Dream",45.2,16.6,191,3250,"female",2009,FALSE,FALSE,FALSE,FALSE,0.476363636363636,0.416666666666667,0.322033898305085,0.152777777777778
"Chinstrap","Dream",49.3,19.9,203,4050,"male",2009,FALSE,FALSE,FALSE,FALSE,0.625454545454545,0.809523809523809,0.525423728813559,0.375
"Chinstrap","Dream",50.2,18.8,202,3800,"male",2009,FALSE,FALSE,FALSE,FALSE,0.658181818181818,0.678571428571429,0.508474576271186,0.305555555555556
"Chinstrap","Dream",45.6,19.4,194,3525,"female",2009,FALSE,FALSE,FALSE,FALSE,0.490909090909091,0.75,0.372881355932203,0.229166666666667
"Chinstrap","Dream",51.9,19.5,206,3950,"male",2009,FALSE,FALSE,FALSE,FALSE,0.72,0.761904761904762,0.576271186440678,0.347222222222222
"Chinstrap","Dream",46.8,16.5,189,3650,"female",2009,FALSE,FALSE,FALSE,FALSE,0.534545454545454,0.404761904761905,0.288135593220339,0.263888888888889
"Chinstrap","Dream",45.7,17,195,3650,"female",2009,FALSE,FALSE,FALSE,FALSE,0.494545454545455,0.464285714285714,0.389830508474576,0.263888888888889
"Chinstrap","Dream",55.8,19.8,207,4000,"male",2009,FALSE,FALSE,FALSE,FALSE,0.861818181818182,0.797619047619048,0.593220338983051,0.361111111111111
"Chinstrap","Dream",43.5,18.1,202,3400,"female",2009,FALSE,FALSE,FALSE,FALSE,0.414545454545454,0.595238095238095,0.508474576271186,0.194444444444444
"Chinstrap","Dream",49.6,18.2,193,3775,"male",2009,FALSE,FALSE,FALSE,FALSE,0.636363636363636,0.607142857142857,0.355932203389831,0.298611111111111
"Chinstrap","Dream",50.8,19,210,4100,"male",2009,FALSE,FALSE,FALSE,FALSE,0.68,0.702380952380952,0.644067796610169,0.388888888888889
"Chinstrap","Dream",50.2,18.7,198,3775,"female",2009,FALSE,FALSE,FALSE,FALSE,0.658181818181818,0.666666666666667,0.440677966101695,0.298611111111111
